{"cameraMode":{"drawMode":0,"name":"Shaded","section":"Shading Mode"},"sceneLighting":false,"audioPlay":false,"sceneViewState":{"m_AlwaysRefresh":false,"showFog":true,"showSkybox":false,"showFlares":true,"showImageEffects":true,"showParticleSystems":true,"showVisualEffectGraphs":true,"m_FxEnabled":true},"in2DMode":false,"pivot":{"x":-0.19210074841976167,"y":0.0640748143196106,"z":-0.04186627268791199},"rotation":{"x":-0.02917226403951645,"y":-0.9592369198799133,"z":0.2596096098423004,"w":-0.107780821621418},"size":0.7842193841934204,"orthographic":false}