{"cameraMode":{"drawMode":0,"name":"Shaded","section":"Shading Mode"},"sceneLighting":false,"audioPlay":false,"sceneViewState":{"m_AlwaysRefresh":false,"showFog":true,"showSkybox":false,"showFlares":true,"showImageEffects":true,"showParticleSystems":true,"showVisualEffectGraphs":true,"m_FxEnabled":true},"in2DMode":false,"pivot":{"x":0.02864629030227661,"y":0.1551215648651123,"z":0.0681084394454956},"rotation":{"x":-0.08575839549303055,"y":-0.9027017951011658,"z":0.2126086801290512,"w":-0.3641057014465332},"size":0.7842193841934204,"orthographic":false}